Gene_id	E5-B11_MaxVal	E5-B11_MaxTime	Red_Pcnt_B11	Red_Pcnt_E5	PassMaxtime	PassRed	PassDuplDel	PassAll	Is_tRNA
PF3D7_1200600	-5.276971899789808	Left	99.94640943193995	80.33226152197214	TRUE	TRUE	TRUE	TRUE	FALSE
PF3D7_0400300	-2.5736863251822	Right	23.704894605216147	14.165773490532333	TRUE	TRUE	TRUE	TRUE	FALSE
PF3D7_0223400	-2.057980524417485	Right	24.848160057163273	3.3940693104680246	TRUE	TRUE	TRUE	TRUE	FALSE
PF3D7_1006100	-2.089053258044036	Left	54.269381922115045	21.70418006430868	TRUE	TRUE	TRUE	TRUE	FALSE
